﻿ip,COUNT(ip)
124.115.22.88,573
85.25.124.171,145
200.74.143.50,101
173.201.178.223,87
111.205.113.193,73
42.61.67.66,61
80.242.123.130,53
5.39.218.37,50
185.19.94.207,33
184.168.116.249,32
69.64.95.167,29
209.3.158.175,29
62.141.58.162,29
61.76.168.121,29
88.198.23.174,29
85.25.20.182,29
82.165.134.115,29
82.165.151.97,29
60.248.187.251,29
64.34.165.179,29
198.176.180.111,29
50.63.53.104,29
175.126.82.235,24
222.186.50.215,24
118.193.178.19,21
126.109.185.4,20
58.218.204.248,17
221.229.166.30,16
218.200.188.213,15
58.218.204.245,15
43.255.190.89,14
61.160.221.232,14
58.218.211.190,14
221.229.166.27,14
221.229.166.28,13
222.186.134.98,13
43.255.190.148,13
43.255.190.124,12
222.186.134.94,12
43.255.190.172,12
222.186.58.131,12
43.255.190.153,12
222.186.51.228,12
58.218.204.241,11
58.218.199.49,11
222.186.134.92,11
61.160.213.190,10
43.229.52.183,10
43.255.190.117,10
43.255.190.136,10
43.255.190.152,10
221.229.166.29,10
43.255.190.130,10
43.255.190.133,10
43.255.190.186,10
43.255.190.189,10
222.186.21.209,9
60.173.26.206,9
43.255.190.122,9
43.255.190.125,9
43.255.190.167,9
222.186.134.96,9
43.255.190.123,9
195.3.144.115,9
58.218.213.254,9
43.255.190.191,9
58.218.199.195,9
43.255.190.161,8
58.218.201.17,8
43.255.190.162,8
58.218.201.19,8
43.255.190.165,8
43.255.190.126,8
61.160.212.27,8
43.255.190.160,8
43.255.190.154,8
43.255.190.188,8
43.255.190.144,8
58.218.204.226,8
43.255.190.121,8
59.188.237.12,8
58.221.66.191,8
43.255.190.156,8
43.255.190.119,8
61.166.189.69,8
222.186.134.90,8
43.255.190.118,8
43.255.190.166,7
128.199.68.39,7
43.255.190.164,7
43.255.190.158,7
43.255.190.141,7
61.160.222.76,7
43.255.190.185,7
117.21.174.111,7
61.240.144.65,7
43.255.190.183,7
43.255.190.140,7
43.255.190.90,7
43.255.190.190,7
43.255.190.145,6
43.255.190.138,6
43.229.52.167,6
43.229.52.178,6
43.255.190.146,6
221.229.166.240,6
43.255.190.135,6
221.229.166.254,6
43.255.190.142,6
221.229.166.98,6
43.229.52.193,6
72.32.58.62,6
43.229.52.149,6
175.100.184.245,6
43.255.190.134,6
144.0.0.200,6
43.255.190.143,6
221.229.160.237,5
43.255.190.116,5
43.255.190.139,5
43.255.190.91,5
43.255.190.132,5
61.160.215.103,5
43.255.190.147,5
43.255.190.149,5
43.229.52.171,5
104.171.125.120,5
43.255.190.182,5
178.32.220.134,5
43.255.190.171,5
222.186.21.198,5
43.255.190.93,5
43.255.190.137,5
43.255.190.169,5
43.255.190.184,5
58.218.201.22,4
193.178.236.130,4
189.198.156.86,4
43.255.190.163,4
43.229.52.133,4
46.38.250.168,4
112.216.65.78,4
43.255.190.131,4
123.123.109.236,4
61.160.215.102,4
43.255.190.168,4
61.160.212.21,4
43.255.190.155,4
64.71.150.37,4
222.186.134.93,4
200.141.87.104,4
69.47.173.162,4
221.229.160.222,3
43.255.190.187,3
43.255.190.115,3
113.98.255.48,3
221.6.233.62,3
43.229.52.186,3
218.6.132.45,3
43.229.52.200,3
212.83.150.204,3
43.255.190.151,3
43.229.52.199,3
119.147.137.94,3
43.229.52.154,3
210.51.167.9,3
208.73.200.133,3
222.186.134.86,3
43.229.52.150,3
38.68.17.240,3
222.77.190.33,3
222.186.134.85,3
43.255.190.170,3
105.186.86.162,3
43.229.52.137,3
43.255.190.159,3
43.229.52.197,3
5.196.147.122,3
83.246.96.89,3
43.255.190.150,3
43.229.52.160,3
222.186.134.87,3
221.229.160.223,3
87.118.84.71,3
43.255.190.157,3
75.39.28.243,3
162.220.27.170,3
74.93.183.241,3
87.230.104.42,3
195.228.135.115,3
113.100.242.202,3
43.229.52.145,3
43.255.190.120,3
43.229.52.182,3
222.60.95.243,3
142.4.38.36,3
148.251.24.24,3
43.229.52.190,3
5.39.220.253,2
190.144.226.82,2
1.234.65.197,2
119.134.251.140,2
203.140.142.74,2
94.233.156.103,2
71.6.135.131,2
126.29.198.96,2
162.220.24.141,2
58.218.213.212,2
222.218.142.194,2
61.183.11.253,2
178.32.217.182,2
221.7.168.18,2
60.173.14.139,2
222.186.134.95,2
221.133.60.209,2
222.186.134.97,2
195.199.157.25,2
196.46.100.3,2
61.240.144.66,2
2.45.83.40,2
49.248.5.251,2
184.164.71.41,2
113.88.233.240,2
221.229.160.230,2
43.255.190.176,2
222.186.134.89,2
85.9.28.130,2
113.92.173.220,2
111.73.45.231,2
130.207.203.56,2
222.186.134.99,2
185.9.231.102,2
83.222.169.131,2
193.104.41.53,2
183.60.127.190,2
157.7.245.212,2
124.228.9.32,2
220.226.210.50,2
222.186.59.91,2
64.34.172.84,2
222.219.187.9,2
173.236.43.114,2
218.146.142.242,2
114.232.48.50,2
117.21.191.23,2
113.195.145.80,2
117.21.191.196,2
61.240.144.64,1
103.243.55.131,1
104.143.5.76,1
221.4.223.115,1
119.97.231.102,1
176.9.70.118,1
221.229.160.241,1
131.0.4.180,1
188.214.58.156,1
182.118.53.130,1
60.173.14.14,1
182.73.169.18,1
222.170.139.97,1
183.57.42.114,1
117.135.163.104,1
117.253.220.201,1
43.229.52.180,1
94.100.31.179,1
157.7.53.223,1
212.110.65.173,1
43.229.52.184,1
222.186.134.91,1
203.151.27.79,1
148.163.43.179,1
140.255.179.199,1
5.39.222.253,1
31.220.48.181,1
61.115.79.20,1
78.134.33.190,1
182.118.60.119,1
119.10.8.133,1
186.193.185.30,1
61.147.107.109,1
60.173.26.8,1
85.174.245.251,1
77.236.97.26,1
61.177.193.154,1
182.118.55.225,1
221.229.166.16,1
43.229.52.162,1
148.163.4.40,1
186.193.191.91,1
182.118.55.191,1
167.114.10.48,1
60.173.26.187,1
61.137.93.80,1
157.7.152.200,1
198.23.192.34,1
200.1.208.22,1
76.74.249.76,1
60.173.26.188,1
195.42.114.51,1
188.167.121.139,1
85.25.44.234,1
124.234.13.254,1
120.24.82.47,1
216.170.125.156,1
46.105.118.193,1
198.20.70.114,1
43.229.52.195,1
60.173.12.226,1
45.46.63.161,1
43.229.52.188,1
218.84.198.37,1
38.68.20.127,1
61.147.103.115,1
43.229.52.191,1
222.186.134.88,1
89.248.172.110,1
85.183.240.116,1
182.118.60.75,1
43.229.52.187,1
141.212.122.90,1
60.173.14.24,1
71.6.167.142,1
182.118.60.91,1
61.147.103.75,1
43.229.52.198,1
43.229.52.138,1
106.186.21.208,1
221.226.106.188,1
189.28.0.90,1
116.249.175.208,1
49.213.23.178,1
216.170.125.155,1
121.191.79.10,1
212.117.169.208,1
200.0.210.58,1
43.255.190.92,1
198.23.131.116,1
188.255.149.112,1
110.36.30.11,1
113.92.172.215,1
104.152.215.87,1
60.173.9.176,1
