2015-11-09 17:11:05,http://180.97.215.79:888/tangwe,506397db1ad88640cca5bdae5d135d5b7feef7ed19c5d705247559d04fd36979
2015-12-02 04:59:26,http://58.221.58.21:3625/xiao,71f044b76ea9f1377db0c3b9bc8d7a3dbd8b574dd9fe513209d81e461ea1b7a0
2015-12-02 05:03:50,http://58.221.58.21:3625/xiao,71f044b76ea9f1377db0c3b9bc8d7a3dbd8b574dd9fe513209d81e461ea1b7a0
2015-12-02 05:05:08,http://58.221.58.21:3625/xiao,71f044b76ea9f1377db0c3b9bc8d7a3dbd8b574dd9fe513209d81e461ea1b7a0
2015-12-02 21:06:06,http://58.221.58.21:3625/QQW,820ea656e85d17b695a91d9a7fc5b22487f569943d55cf5154e789f32c280001
2015-12-02 21:18:16,http://58.221.58.21:3625/QP,71f044b76ea9f1377db0c3b9bc8d7a3dbd8b574dd9fe513209d81e461ea1b7a0
2015-12-02 21:18:39,http://58.221.58.21:3625/XP,a0c63c4a4a12f2b4b414479a10c19336b36c14481d37e3e4bce0dcfc4fe0b2df
2015-12-02 21:20:08,http://58.221.58.21:3625/QP,71f044b76ea9f1377db0c3b9bc8d7a3dbd8b574dd9fe513209d81e461ea1b7a0
2015-12-05 17:05:14,http://14.148.164.90:9562/u52,524d4ae727f8e8b35773479d553dca9acb1387174d159423cc7145902f52d2f4
2015-12-05 17:05:46,http://14.148.164.90:9562/s52,5e3baea131d709921d715d6c2f27f401822ceffc0b8e002b408b7e5b29514264
2015-12-05 18:06:46,http://14.148.164.90:9562/s52,5e3baea131d709921d715d6c2f27f401822ceffc0b8e002b408b7e5b29514264
2015-12-05 18:07:52,http://14.148.164.90:9562/u52,524d4ae727f8e8b35773479d553dca9acb1387174d159423cc7145902f52d2f4
2015-12-06 01:24:20,http://14.148.164.90:9562/ss,8908a91f38192a043d5084e411bd7b1d5b7c51236d749283ca240ca018e04446
2015-12-19 02:16:22,http://117.41.184.153:8081/ss,8908a91f38192a043d5084e411bd7b1d5b7c51236d749283ca240ca018e04446
2015-12-19 02:25:25,http://117.41.184.153:8081/ss,8908a91f38192a043d5084e411bd7b1d5b7c51236d749283ca240ca018e04446
