269ee2cef078a9022fc1499c3284e892457be5795a63a338b53f94e6e019160f,http://prg.do.am/scan/python.tgz
367325cc13cce2714ee6168a2e77851e75988b0375891de02b8875004e839113,http://mclucian.ucoz.ro/psy.tgz
71bc3ca136da41a3b8755036bc94952b37e466e9d82c32cbb87eabea37a021b8,http://45.34.1.163:801/yumos
7e31214b7102442257bd5195648e5f0da4cbf48dc82eb0adb4ca171af4eb6b13,http://173.254.230.67:9999/wslx
81cd80d818de724831f5c0457485eaae2e5c3fb486267263243bf60b12e7bb79,http://arhiva.pe.hu/autopsy.tgz
8a0e02de0ff09a0ab771d5680334e482aa2cc9e796200d8179f45ec59dad7380,http://112.74.66.152:280/.TSm
9aaf7f2863ceef4f261139b10acff513a328d5491ab149edc708f28e8d67090c,http://arhiva.pe.hu/ola.txt
a8b156206d30c39288ae0a3e297cad1ea72409405b5570774b58dd43bc1b7e83,http://cross-panel.tk/scan/y.txt
c1c2debe9be6daa2f91bfd96bdc4403d294c1d203f357997dc5417440fdf2fa9,http://angelfire.com/komales88/muh.tgz
dd677a161a9afb8cfb9dc595ce0e083f0b900651285e665881c6d26962379ebb,http://121.40.51.232:11223/syn20160
e39a90be52e0a545181915a910c1ebba9f67e7dcc380e5553969626d56279e01,http://45.34.1.163:801/Client64
e6a87be83ed04e207e8164cfde918357064e2378fde04443fe5a746e99a3f98b,http://69.30.223.162/bash.sh
f6151f71570812ab7c3b676532dcdbce00c8574b81526423eb2e966999681ecc,http://89.248.172.166/.bash.sh
